{
	"info": {
		"_postman_id": "6ca079f5-bb38-4837-8847-467555838ce4",
		"name": "Project Management System",
		"schema": "https://schema.getpostman.com/json/collection/v2.0.0/collection.json",
		"_exporter_id": "23045328"
	},
	"item": [
		{
			"name": "Project",
			"item": [
				{
					"name": "createProject",
					"request": {
						"method": "POST",
						"header": [],
						"body": {
							"mode": "raw",
							"raw": "{\n    \"name\": \"<string>\",\n    \"description\": \"<string>\",\n    \"start_date\": \"<date>\",\n    \"end_date\": \"<date>\",\n    \"status\": \"<string>\"\n}",
							"options": {
								"raw": {
									"language": "json"
								}
							}
						},
						"url": "http://127.0.0.1:8000/api/projects/"
					},
					"response": [
						{
							"name": "Successful operation",
							"originalRequest": {
								"method": "POST",
								"header": [
									{
										"key": "X-Cisco-Meraki-API-Key",
										"value": "<API Key>",
										"description": "Added as a part of security scheme: apikey"
									},
									{
										"key": "Accept",
										"value": "application/json"
									}
								],
								"body": {
									"mode": "raw",
									"raw": "{\n  \"actions\": [\n    {\n      \"resource\": \"<string>\",\n      \"operation\": \"<string>\",\n      \"body\": \"<object>\"\n    },\n    {\n      \"resource\": \"<string>\",\n      \"operation\": \"<string>\",\n      \"body\": \"<object>\"\n    }\n  ],\n  \"confirmed\": \"<boolean>\",\n  \"synchronous\": \"<boolean>\",\n  \"callback\": {\n    \"url\": \"<string>\",\n    \"sharedSecret\": \"<string>\",\n    \"httpServer\": {\n      \"id\": \"<string>\"\n    },\n    \"payloadTemplate\": {\n      \"id\": \"<string>\"\n    }\n  }\n}",
									"options": {
										"raw": {
											"language": "json"
										}
									}
								},
								"url": {
									"raw": "{{baseUrl}}/organizations/:organizationId/actionBatches",
									"host": [
										"{{baseUrl}}"
									],
									"path": [
										"organizations",
										":organizationId",
										"actionBatches"
									],
									"variable": [
										{
											"key": "organizationId",
											"value": "<string>",
											"description": "(Required) Organization ID"
										},
										{
											"key": "basePath",
											"value": "{{basePath}}"
										}
									]
								}
							},
							"status": "Created",
							"code": 201,
							"_postman_previewlanguage": "json",
							"header": [
								{
									"key": "Content-Type",
									"value": "application/json"
								}
							],
							"cookie": [],
							"body": "{\n  \"id\": \"1234\",\n  \"organizationId\": \"2930418\",\n  \"confirmed\": true,\n  \"synchronous\": false,\n  \"status\": {\n    \"completed\": true,\n    \"failed\": false,\n    \"errors\": [],\n    \"createdResources\": [\n      {\n        \"id\": \"1284392014819\",\n        \"uri\": \"/networks/L_XXXXX/groupPolicies/100\"\n      }\n    ]\n  },\n  \"actions\": [\n    {\n      \"resource\": \"/devices/QXXX-XXXX-XXXX/switch/ports/3\",\n      \"operation\": \"update\"\n    }\n  ],\n  \"callback\": {\n    \"id\": \"1284392014819\",\n    \"url\": \"https://webhook.site/28efa24e-f830-4d9f-a12b-fbb9e5035031\",\n    \"status\": \"new\"\n  }\n}"
						}
					]
				},
				{
					"name": "getProject",
					"request": {
						"method": "GET",
						"header": []
					},
					"response": [
						{
							"name": "Successful operation",
							"originalRequest": {
								"method": "POST",
								"header": [
									{
										"key": "X-Cisco-Meraki-API-Key",
										"value": "<API Key>",
										"description": "Added as a part of security scheme: apikey"
									},
									{
										"key": "Accept",
										"value": "application/json"
									}
								],
								"body": {
									"mode": "raw",
									"raw": "{\n  \"actions\": [\n    {\n      \"resource\": \"<string>\",\n      \"operation\": \"<string>\",\n      \"body\": \"<object>\"\n    },\n    {\n      \"resource\": \"<string>\",\n      \"operation\": \"<string>\",\n      \"body\": \"<object>\"\n    }\n  ],\n  \"confirmed\": \"<boolean>\",\n  \"synchronous\": \"<boolean>\",\n  \"callback\": {\n    \"url\": \"<string>\",\n    \"sharedSecret\": \"<string>\",\n    \"httpServer\": {\n      \"id\": \"<string>\"\n    },\n    \"payloadTemplate\": {\n      \"id\": \"<string>\"\n    }\n  }\n}",
									"options": {
										"raw": {
											"language": "json"
										}
									}
								},
								"url": {
									"raw": "{{baseUrl}}/organizations/:organizationId/actionBatches",
									"host": [
										"{{baseUrl}}"
									],
									"path": [
										"organizations",
										":organizationId",
										"actionBatches"
									],
									"variable": [
										{
											"key": "organizationId",
											"value": "<string>",
											"description": "(Required) Organization ID"
										},
										{
											"key": "basePath",
											"value": "{{basePath}}"
										}
									]
								}
							},
							"status": "Created",
							"code": 201,
							"_postman_previewlanguage": "json",
							"header": [
								{
									"key": "Content-Type",
									"value": "application/json"
								}
							],
							"cookie": [],
							"body": "{\n  \"id\": \"1234\",\n  \"organizationId\": \"2930418\",\n  \"confirmed\": true,\n  \"synchronous\": false,\n  \"status\": {\n    \"completed\": true,\n    \"failed\": false,\n    \"errors\": [],\n    \"createdResources\": [\n      {\n        \"id\": \"1284392014819\",\n        \"uri\": \"/networks/L_XXXXX/groupPolicies/100\"\n      }\n    ]\n  },\n  \"actions\": [\n    {\n      \"resource\": \"/devices/QXXX-XXXX-XXXX/switch/ports/3\",\n      \"operation\": \"update\"\n    }\n  ],\n  \"callback\": {\n    \"id\": \"1284392014819\",\n    \"url\": \"https://webhook.site/28efa24e-f830-4d9f-a12b-fbb9e5035031\",\n    \"status\": \"new\"\n  }\n}"
						}
					]
				},
				{
					"name": "getProjectId",
					"request": {
						"method": "GET",
						"header": []
					},
					"response": [
						{
							"name": "Successful operation",
							"originalRequest": {
								"method": "POST",
								"header": [
									{
										"key": "X-Cisco-Meraki-API-Key",
										"value": "<API Key>",
										"description": "Added as a part of security scheme: apikey"
									},
									{
										"key": "Accept",
										"value": "application/json"
									}
								],
								"body": {
									"mode": "raw",
									"raw": "{\n  \"actions\": [\n    {\n      \"resource\": \"<string>\",\n      \"operation\": \"<string>\",\n      \"body\": \"<object>\"\n    },\n    {\n      \"resource\": \"<string>\",\n      \"operation\": \"<string>\",\n      \"body\": \"<object>\"\n    }\n  ],\n  \"confirmed\": \"<boolean>\",\n  \"synchronous\": \"<boolean>\",\n  \"callback\": {\n    \"url\": \"<string>\",\n    \"sharedSecret\": \"<string>\",\n    \"httpServer\": {\n      \"id\": \"<string>\"\n    },\n    \"payloadTemplate\": {\n      \"id\": \"<string>\"\n    }\n  }\n}",
									"options": {
										"raw": {
											"language": "json"
										}
									}
								},
								"url": "http://127.0.0.1:8000/api/projects/1"
							},
							"status": "Created",
							"code": 201,
							"_postman_previewlanguage": "json",
							"header": [
								{
									"key": "Content-Type",
									"value": "application/json"
								}
							],
							"cookie": [],
							"body": "{\n    \"id\": 1,\n    \"name\": \"Project Alpha\",\n    \"description\": \"Test Project\",\n    \"start_date\": \"2025-01-01\",\n    \"end_date\": \"2025-06-30\",\n    \"status\": \"Active\"\n}"
						}
					]
				},
				{
					"name": "updateProjectDetails",
					"request": {
						"method": "PUT",
						"header": [],
						"url": {
							"raw": "http://127.0.0.1:8000/api/projects/:id",
							"protocol": "http",
							"host": [
								"127",
								"0",
								"0",
								"1"
							],
							"port": "8000",
							"path": [
								"api",
								"projects",
								":id"
							],
							"variable": [
								{
									"key": "id",
									"value": ""
								}
							]
						}
					},
					"response": [
						{
							"name": "Successful operation",
							"originalRequest": {
								"method": "POST",
								"header": [
									{
										"key": "X-Cisco-Meraki-API-Key",
										"value": "<API Key>",
										"description": "Added as a part of security scheme: apikey"
									},
									{
										"key": "Accept",
										"value": "application/json"
									}
								],
								"body": {
									"mode": "raw",
									"raw": "{\n  \"actions\": [\n    {\n      \"resource\": \"<string>\",\n      \"operation\": \"<string>\",\n      \"body\": \"<object>\"\n    },\n    {\n      \"resource\": \"<string>\",\n      \"operation\": \"<string>\",\n      \"body\": \"<object>\"\n    }\n  ],\n  \"confirmed\": \"<boolean>\",\n  \"synchronous\": \"<boolean>\",\n  \"callback\": {\n    \"url\": \"<string>\",\n    \"sharedSecret\": \"<string>\",\n    \"httpServer\": {\n      \"id\": \"<string>\"\n    },\n    \"payloadTemplate\": {\n      \"id\": \"<string>\"\n    }\n  }\n}",
									"options": {
										"raw": {
											"language": "json"
										}
									}
								},
								"url": "http://127.0.0.1:8000/api/projects/1"
							},
							"status": "Created",
							"code": 201,
							"_postman_previewlanguage": "json",
							"header": [
								{
									"key": "Content-Type",
									"value": "application/json"
								}
							],
							"cookie": [],
							"body": "{\n    \"id\": 1,\n    \"name\": \"Project Alpha\",\n    \"description\": \"Test Project\",\n    \"start_date\": \"2025-01-01\",\n    \"end_date\": \"2025-06-30\",\n    \"status\": \"Active\"\n}"
						}
					]
				},
				{
					"name": "DeleteProject",
					"request": {
						"method": "DELETE",
						"header": [],
						"url": "http://127.0.0.1:8000/api/projects/1/"
					},
					"response": [
						{
							"name": "Successful operation",
							"originalRequest": {
								"method": "POST",
								"header": [
									{
										"key": "X-Cisco-Meraki-API-Key",
										"value": "<API Key>",
										"description": "Added as a part of security scheme: apikey"
									},
									{
										"key": "Accept",
										"value": "application/json"
									}
								],
								"body": {
									"mode": "raw",
									"raw": "{\n  \"actions\": [\n    {\n      \"resource\": \"<string>\",\n      \"operation\": \"<string>\",\n      \"body\": \"<object>\"\n    },\n    {\n      \"resource\": \"<string>\",\n      \"operation\": \"<string>\",\n      \"body\": \"<object>\"\n    }\n  ],\n  \"confirmed\": \"<boolean>\",\n  \"synchronous\": \"<boolean>\",\n  \"callback\": {\n    \"url\": \"<string>\",\n    \"sharedSecret\": \"<string>\",\n    \"httpServer\": {\n      \"id\": \"<string>\"\n    },\n    \"payloadTemplate\": {\n      \"id\": \"<string>\"\n    }\n  }\n}",
									"options": {
										"raw": {
											"language": "json"
										}
									}
								},
								"url": "http://127.0.0.1:8000/api/projects/1"
							},
							"status": "Created",
							"code": 201,
							"_postman_previewlanguage": "json",
							"header": [
								{
									"key": "Content-Type",
									"value": "application/json"
								}
							],
							"cookie": [],
							"body": "{\n    \"id\": 1,\n    \"name\": \"Project Alpha\",\n    \"description\": \"Test Project\",\n    \"start_date\": \"2025-01-01\",\n    \"end_date\": \"2025-06-30\",\n    \"status\": \"Active\"\n}"
						}
					]
				}
			]
		},
		{
			"name": "User",
			"item": [
				{
					"name": "createUser",
					"request": {
						"method": "POST",
						"header": [],
						"body": {
							"mode": "raw",
							"raw": "{\n    \"name\": \"John Doe\",\n    \"email\": \"john.doe@example.com\"\n}",
							"options": {
								"raw": {
									"language": "json"
								}
							}
						},
						"url": "http://127.0.0.1:8000/api/users/"
					},
					"response": [
						{
							"name": "Successful operation",
							"originalRequest": {
								"method": "POST",
								"header": [
									{
										"key": "Accept",
										"value": "application/json"
									}
								],
								"body": {
									"mode": "raw",
									"raw": "{\n    \"name\": \"John Doe\",\n    \"email\": \"john.doe@example.com\"\n}",
									"options": {
										"raw": {
											"language": "json"
										}
									}
								},
								"url": "http://127.0.0.1:8000/api/users/"
							},
							"status": "Created",
							"code": 201,
							"_postman_previewlanguage": "json",
							"header": [
								{
									"key": "Content-Type",
									"value": "application/json"
								}
							],
							"cookie": [],
							"body": "{\n    \"id\": 1,\n    \"name\": \"John Doe\",\n    \"email\": \"john.doe@example.com\"\n}"
						}
					]
				},
				{
					"name": "getUsers",
					"protocolProfileBehavior": {
						"disableBodyPruning": true
					},
					"request": {
						"method": "GET",
						"header": [],
						"body": {
							"mode": "raw",
							"raw": "",
							"options": {
								"raw": {
									"language": "json"
								}
							}
						},
						"url": "http://127.0.0.1:8000/api/users/"
					},
					"response": [
						{
							"name": "Successful operation",
							"originalRequest": {
								"method": "GET",
								"header": [
									{
										"key": "",
										"value": "",
										"disabled": true
									},
									{
										"key": "Accept",
										"value": "application/json",
										"disabled": true
									}
								],
								"body": {
									"mode": "raw",
									"raw": "{\n  \"actions\": [\n    {\n      \"resource\": \"<string>\",\n      \"operation\": \"<string>\",\n      \"body\": \"<object>\"\n    },\n    {\n      \"resource\": \"<string>\",\n      \"operation\": \"<string>\",\n      \"body\": \"<object>\"\n    }\n  ],\n  \"confirmed\": \"<boolean>\",\n  \"synchronous\": \"<boolean>\",\n  \"callback\": {\n    \"url\": \"<string>\",\n    \"sharedSecret\": \"<string>\",\n    \"httpServer\": {\n      \"id\": \"<string>\"\n    },\n    \"payloadTemplate\": {\n      \"id\": \"<string>\"\n    }\n  }\n}",
									"options": {
										"raw": {
											"language": "json"
										}
									}
								},
								"url": "http://127.0.0.1:8000/api/users/"
							},
							"status": "Created",
							"code": 200,
							"_postman_previewlanguage": "json",
							"header": [
								{
									"key": "Content-Type",
									"value": "application/json"
								}
							],
							"cookie": [],
							"body": "{\n    \"count\": 1,\n    \"next\": null,\n    \"previous\": null,\n    \"results\": [\n        {\n            \"id\": 1,\n            \"name\": \"John Doe\",\n            \"email\": \"john.doe@example.com\"\n        }\n    ]\n}"
						}
					]
				},
				{
					"name": "getUser",
					"protocolProfileBehavior": {
						"disableBodyPruning": true
					},
					"request": {
						"method": "GET",
						"header": [],
						"body": {
							"mode": "raw",
							"raw": "{\n    \"name\": \"Project Alpha\",\n    \"description\": \"Test Project\",\n    \"start_date\": \"2025-01-01\",\n    \"end_date\": \"2025-06-30\",\n    \"status\": \"Active\"\n}",
							"options": {
								"raw": {
									"language": "json"
								}
							}
						},
						"url": "http://127.0.0.1:8000/api/users/1"
					},
					"response": [
						{
							"name": "Successful operation",
							"originalRequest": {
								"method": "POST",
								"header": [
									{
										"key": "Accept",
										"value": "application/json"
									}
								],
								"body": {
									"mode": "raw",
									"raw": "{\n  \"actions\": [\n    {\n      \"resource\": \"<string>\",\n      \"operation\": \"<string>\",\n      \"body\": \"<object>\"\n    },\n    {\n      \"resource\": \"<string>\",\n      \"operation\": \"<string>\",\n      \"body\": \"<object>\"\n    }\n  ],\n  \"confirmed\": \"<boolean>\",\n  \"synchronous\": \"<boolean>\",\n  \"callback\": {\n    \"url\": \"<string>\",\n    \"sharedSecret\": \"<string>\",\n    \"httpServer\": {\n      \"id\": \"<string>\"\n    },\n    \"payloadTemplate\": {\n      \"id\": \"<string>\"\n    }\n  }\n}",
									"options": {
										"raw": {
											"language": "json"
										}
									}
								},
								"url": "http://127.0.0.1:8000/api/users/1"
							},
							"status": "Created",
							"code": 200,
							"_postman_previewlanguage": "json",
							"header": [
								{
									"key": "Content-Type",
									"value": "application/json"
								}
							],
							"cookie": [],
							"body": "{\n    \"id\": 1,\n    \"name\": \"John Doe\",\n    \"email\": \"john.doe@example.com\"\n}"
						}
					]
				},
				{
					"name": "updateUser",
					"request": {
						"method": "PUT",
						"header": [],
						"body": {
							"mode": "raw",
							"raw": "{\n    \"name\": \"Mukul Goyal\",\n    \"email\": \"john.doe@example.com\"\n}",
							"options": {
								"raw": {
									"language": "json"
								}
							}
						},
						"url": "http://127.0.0.1:8000/api/users/1/"
					},
					"response": [
						{
							"name": "Successful operation",
							"originalRequest": {
								"method": "POST",
								"header": [
									{
										"key": "Accept",
										"value": "application/json"
									}
								],
								"body": {
									"mode": "raw",
									"raw": "{\n    \"name\": \"Mukul Goyal\",\n    \"email\": \"john.doe@example.com\"\n}",
									"options": {
										"raw": {
											"language": "json"
										}
									}
								},
								"url": {
									"raw": "{{baseUrl}}/organizations/:organizationId/actionBatches",
									"host": [
										"{{baseUrl}}"
									],
									"path": [
										"organizations",
										":organizationId",
										"actionBatches"
									],
									"variable": [
										{
											"key": "organizationId",
											"value": "<string>",
											"description": "(Required) Organization ID"
										}
									]
								}
							},
							"status": "Created",
							"code": 201,
							"_postman_previewlanguage": "json",
							"header": [
								{
									"key": "Content-Type",
									"value": "application/json"
								}
							],
							"cookie": [],
							"body": "{\n    \"id\": 1,\n    \"name\": \"Mukul Goyal\",\n    \"email\": \"john.doe@example.com\"\n}"
						}
					]
				},
				{
					"name": "DeleteUser",
					"request": {
						"method": "DELETE",
						"header": [],
						"body": {
							"mode": "raw",
							"raw": "{\n    \"name\": \"Jane Doe\",\n    \"email\": \"john.doe@example.com\"\n}",
							"options": {
								"raw": {
									"language": "json"
								}
							}
						},
						"url": "http://127.0.0.1:8000/api/users/1"
					},
					"response": [
						{
							"name": "Successful operation",
							"originalRequest": {
								"method": "POST",
								"header": [
									{
										"key": "Accept",
										"value": "application/json"
									}
								],
								"body": {
									"mode": "raw",
									"raw": "{\n    \"name\": \"Mukul Goyal\",\n    \"email\": \"john.doe@example.com\"\n}",
									"options": {
										"raw": {
											"language": "json"
										}
									}
								},
								"url": {
									"raw": "{{baseUrl}}/organizations/:organizationId/actionBatches",
									"host": [
										"{{baseUrl}}"
									],
									"path": [
										"organizations",
										":organizationId",
										"actionBatches"
									],
									"variable": [
										{
											"key": "organizationId",
											"value": "<string>",
											"description": "(Required) Organization ID"
										}
									]
								}
							},
							"status": "Created",
							"code": 201,
							"_postman_previewlanguage": "json",
							"header": [
								{
									"key": "Content-Type",
									"value": "application/json"
								}
							],
							"cookie": [],
							"body": "{\n    \"id\": 1,\n    \"name\": \"Mukul Goyal\",\n    \"email\": \"john.doe@example.com\"\n}"
						}
					]
				}
			],
			"description": "| Method | Endpoint | Description | Input Body Example |\n| --- | --- | --- | --- |\n| POST | /api/users/ | Create a new user | { \"name\": \"John Doe\", \"email\": \"john.doe@example.com\" } |\n| GET | /api/users/ | List all users | N/A |\n| GET | /api/users/{id}/ | Get details of a specific user | N/A |\n| PUT | /api/users/{id}/ | Update user details | { \"name\": \"Jane Doe\" } |\n| DELETE | /api/users/{id}/ | Delete a specific user | N/A |"
		},
		{
			"name": "Task",
			"item": [
				{
					"name": "createTask",
					"request": {
						"method": "POST",
						"header": [],
						"body": {
							"mode": "raw",
							"raw": "{\n    \"project\": 2,\n    \"name\": \"Task 1\",\n    \"description\": \"First Task\",\n    \"assigned_to\": 2,\n    \"due_date\": \"2025-02-15\",\n    \"status\": \"Pending\"\n}",
							"options": {
								"raw": {
									"language": "json"
								}
							}
						},
						"url": "http://127.0.0.1:8000/api/tasks/"
					},
					"response": [
						{
							"name": "Successful operation",
							"originalRequest": {
								"method": "POST",
								"header": [
									{
										"key": "Accept",
										"value": "application/json"
									}
								],
								"body": {
									"mode": "raw",
									"raw": "{\n    \"project\": 2,\n    \"name\": \"Task 1\",\n    \"description\": \"First Task\",\n    \"assigned_to\": 2,\n    \"due_date\": \"2025-02-15\",\n    \"status\": \"Pending\"\n}",
									"options": {
										"raw": {
											"language": "json"
										}
									}
								},
								"url": "http://127.0.0.1:8000/api/users/"
							},
							"status": "Created",
							"code": 201,
							"_postman_previewlanguage": "json",
							"header": [
								{
									"key": "Content-Type",
									"value": "application/json"
								}
							],
							"cookie": [],
							"body": "{\n    \"id\": 1,\n    \"name\": \"Task 1\",\n    \"description\": \"First Task\",\n    \"due_date\": \"2025-02-15\",\n    \"status\": \"Pending\",\n    \"project\": 2,\n    \"assigned_to\": 2\n}"
						}
					]
				},
				{
					"name": "getTasks",
					"protocolProfileBehavior": {
						"disableBodyPruning": true
					},
					"request": {
						"method": "GET",
						"header": [],
						"body": {
							"mode": "raw",
							"raw": "{\n    \"project\": 2,\n    \"name\": \"Task 1\",\n    \"description\": \"First Task\",\n    \"assigned_to\": 2,\n    \"due_date\": \"2025-02-15\",\n    \"status\": \"Pending\"\n}",
							"options": {
								"raw": {
									"language": "json"
								}
							}
						},
						"url": "http://127.0.0.1:8000/api/tasks/"
					},
					"response": [
						{
							"name": "Successful operation",
							"originalRequest": {
								"method": "GET",
								"header": [
									{
										"key": "Accept",
										"value": "application/json"
									}
								],
								"body": {
									"mode": "raw",
									"raw": "{\n    \"project\": 2,\n    \"name\": \"Task 1\",\n    \"description\": \"First Task\",\n    \"assigned_to\": 2,\n    \"due_date\": \"2025-02-15\",\n    \"status\": \"Pending\"\n}",
									"options": {
										"raw": {
											"language": "json"
										}
									}
								},
								"url": "http://127.0.0.1:8000/api/tasks/"
							},
							"status": "Created",
							"code": 201,
							"_postman_previewlanguage": "json",
							"header": [
								{
									"key": "Content-Type",
									"value": "application/json"
								}
							],
							"cookie": [],
							"body": "{\n    \"count\": 1,\n    \"next\": null,\n    \"previous\": null,\n    \"results\": [\n        {\n            \"id\": 1,\n            \"name\": \"Task 1\",\n            \"description\": \"First Task\",\n            \"due_date\": \"2025-02-15\",\n            \"status\": \"Pending\",\n            \"project\": 2,\n            \"assigned_to\": 2\n        }\n    ]\n}"
						}
					]
				},
				{
					"name": "getTask",
					"protocolProfileBehavior": {
						"disableBodyPruning": true
					},
					"request": {
						"method": "GET",
						"header": [],
						"body": {
							"mode": "raw",
							"raw": "{\n    \"project\": 2,\n    \"name\": \"Task 1\",\n    \"description\": \"First Task\",\n    \"assigned_to\": 2,\n    \"due_date\": \"2025-02-15\",\n    \"status\": \"Pending\"\n}",
							"options": {
								"raw": {
									"language": "json"
								}
							}
						},
						"url": "http://127.0.0.1:8000/api/tasks/1/"
					},
					"response": [
						{
							"name": "Successful operation",
							"originalRequest": {
								"method": "GET",
								"header": [
									{
										"key": "Accept",
										"value": "application/json"
									}
								],
								"body": {
									"mode": "raw",
									"raw": "{\n    \"project\": 2,\n    \"name\": \"Task 1\",\n    \"description\": \"First Task\",\n    \"assigned_to\": 2,\n    \"due_date\": \"2025-02-15\",\n    \"status\": \"Pending\"\n}",
									"options": {
										"raw": {
											"language": "json"
										}
									}
								},
								"url": "http://127.0.0.1:8000/api/tasks/"
							},
							"status": "Created",
							"code": 201,
							"_postman_previewlanguage": "json",
							"header": [
								{
									"key": "Content-Type",
									"value": "application/json"
								}
							],
							"cookie": [],
							"body": "{\n    \"id\": 1,\n    \"name\": \"Task 1\",\n    \"description\": \"First Task\",\n    \"due_date\": \"2025-02-15\",\n    \"status\": \"Pending\",\n    \"project\": 2,\n    \"assigned_to\": 2\n}"
						}
					]
				},
				{
					"name": "updateTask",
					"request": {
						"method": "PUT",
						"header": [],
						"body": {
							"mode": "raw",
							"raw": "        {\n            \"id\": 1,\n            \"name\": \"Task 1\",\n            \"description\": \"First Task\",\n            \"due_date\": \"2025-02-15\",\n            \"status\": \"Completed\",\n            \"project\": 2,\n            \"assigned_to\": 2\n        }",
							"options": {
								"raw": {
									"language": "json"
								}
							}
						},
						"url": "http://127.0.0.1:8000/api/tasks/1/"
					},
					"response": [
						{
							"name": "Successful operation",
							"originalRequest": {
								"method": "GET",
								"header": [
									{
										"key": "Accept",
										"value": "application/json"
									}
								],
								"body": {
									"mode": "raw",
									"raw": "{\n    \"project\": 2,\n    \"name\": \"Task 1\",\n    \"description\": \"First Task\",\n    \"assigned_to\": 2,\n    \"due_date\": \"2025-02-15\",\n    \"status\": \"Pending\"\n}",
									"options": {
										"raw": {
											"language": "json"
										}
									}
								},
								"url": "http://127.0.0.1:8000/api/tasks/"
							},
							"status": "Created",
							"code": 201,
							"_postman_previewlanguage": "json",
							"header": [
								{
									"key": "Content-Type",
									"value": "application/json"
								}
							],
							"cookie": [],
							"body": "{\n    \"id\": 1,\n    \"name\": \"Task 1\",\n    \"description\": \"First Task\",\n    \"due_date\": \"2025-02-15\",\n    \"status\": \"Pending\",\n    \"project\": 2,\n    \"assigned_to\": 2\n}"
						}
					]
				},
				{
					"name": "deleteTask",
					"request": {
						"method": "PUT",
						"header": [],
						"body": {
							"mode": "raw",
							"raw": "        {\n            \"id\": 1,\n            \"name\": \"Task 1\",\n            \"description\": \"First Task\",\n            \"due_date\": \"2025-02-15\",\n            \"status\": \"Completed\",\n            \"project\": 2,\n            \"assigned_to\": 2\n        }",
							"options": {
								"raw": {
									"language": "json"
								}
							}
						},
						"url": "http://127.0.0.1:8000/api/tasks/1/"
					},
					"response": [
						{
							"name": "Successful operation",
							"originalRequest": {
								"method": "DELETE",
								"header": [
									{
										"key": "Accept",
										"value": "application/json"
									}
								],
								"body": {
									"mode": "raw",
									"raw": "{\n    \"project\": 2,\n    \"name\": \"Task 1\",\n    \"description\": \"First Task\",\n    \"assigned_to\": 2,\n    \"due_date\": \"2025-02-15\",\n    \"status\": \"Pending\"\n}",
									"options": {
										"raw": {
											"language": "json"
										}
									}
								},
								"url": "http://127.0.0.1:8000/api/tasks/1/"
							},
							"status": "Created",
							"code": 200,
							"_postman_previewlanguage": "json",
							"header": [
								{
									"key": "Content-Type",
									"value": "application/json"
								}
							],
							"cookie": [],
							"body": ""
						}
					]
				}
			],
			"description": "| Method | Endpoint | Description | Input Body Example |\n| --- | --- | --- | --- |\n| POST | /api/tasks/ | Create a task for a project | { \"project\": 1, \"name\": \"Task 1\", \"description\": \"First Task\", \"assigned_to\": 1, \"due_date\": \"2025-02-15\", \"status\": \"Pending\" } |\n| GET | /api/tasks/ | List all tasks (filter by project or user) | N/A |\n| PUT | /api/tasks/{id}/ | Update task details (e.g., change status) | { \"status\": \"Completed\" } |\n| DELETE | /api/tasks/{id}/ | Delete a specific task | N/A |"
		}
	]
}